genres,POP SCORE
Drama,204.1145816
Action,118.6484255
Crime,84.21145609999999
Adventure,80.62522290000001
Sci-Fi,50.8308819
